{
  "categories": [
    {
      "id": 0,
      "name": "Car"
    },
    {
      "id": 1,
      "name": "Left"
    },
    {
      "id": 2,
      "name": "No_Left"
    },
    {
      "id": 3,
      "name": "No_Right"
    },
    {
      "id": 4,
      "name": "Right"
    },
    {
      "id": 5,
      "name": "Stop"
    },
    {
      "id": 6,
      "name": "Straight"
    },
    {
      "id": 7,
      "name": "Truck"
    }
  ],
  "info": {
    "year": 2024,
    "version": "1.0",
    "contributor": "Label Studio"
  }
}